{"cameraMode":{"drawMode":0,"name":"Shaded","section":"Shading Mode"},"sceneLighting":false,"audioPlay":false,"sceneViewState":{"m_AlwaysRefresh":false,"showFog":true,"showSkybox":false,"showFlares":true,"showImageEffects":true,"showParticleSystems":true,"showVisualEffectGraphs":true,"m_FxEnabled":true},"in2DMode":false,"pivot":{"x":-0.43419209122657778,"y":0.06636583805084229,"z":10.230071067810059},"rotation":{"x":0.1728382259607315,"y":0.22531452775001527,"z":-0.04065357521176338,"w":0.9579798579216003},"size":4.274977684020996,"orthographic":true}