{"cameraMode":{"drawMode":0,"name":"Shaded","section":"Shading Mode"},"sceneLighting":true,"audioPlay":false,"sceneViewState":{"m_AlwaysRefresh":false,"showFog":true,"showSkybox":true,"showFlares":true,"showImageEffects":true,"showParticleSystems":true,"showVisualEffectGraphs":true,"m_FxEnabled":true},"in2DMode":false,"pivot":{"x":3.436432361602783,"y":3.355314254760742,"z":8.697372436523438},"rotation":{"x":0.11669124662876129,"y":-0.02681226097047329,"z":0.0031512107234448196,"w":0.9928056001663208},"size":16.8503360748291,"orthographic":true}