{"cameraMode":{"drawMode":0,"name":"Shaded","section":"Shading Mode"},"sceneLighting":true,"audioPlay":false,"sceneViewState":{"m_AlwaysRefresh":false,"showFog":true,"showSkybox":true,"showFlares":true,"showImageEffects":true,"showParticleSystems":true,"showVisualEffectGraphs":true,"m_FxEnabled":true},"in2DMode":false,"pivot":{"x":-5.197397232055664,"y":-0.5329119563102722,"z":-0.5713772773742676},"rotation":{"x":0.7123391628265381,"y":-0.008421204052865506,"z":0.008548475801944733,"w":0.7017332315444946},"size":23.47048568725586,"orthographic":true}