{"cameraMode":{"drawMode":0,"name":"Shaded","section":"Shading Mode"},"sceneLighting":true,"audioPlay":false,"sceneViewState":{"m_AlwaysRefresh":false,"showFog":true,"showSkybox":true,"showFlares":true,"showImageEffects":true,"showParticleSystems":true,"showVisualEffectGraphs":true,"m_FxEnabled":true},"in2DMode":false,"pivot":{"x":19.218313217163087,"y":-1.6073572635650635,"z":-7.744936466217041},"rotation":{"x":0.014107408002018929,"y":0.9524103403091431,"z":-0.3012123703956604,"w":0.044606130570173267},"size":17.614871978759767,"orthographic":false}